Practice Name,Phone Number,Full Address,Website URL
Marketplace Dental Centre,(02) 6971-8764,"Shop 26A, 87 Baylis Street, WAGGA WAGGA NSW 2650",
beyondental,(02) 9264-2933,"Level 7, Suite 1, 60 Park Street, SYDNEY NSW 2000",
The Dentist At 70 Pitt Street,(02) 9233-3399,"Level 1, 70 Pitt Street, SYDNEY NSW 2000",
Supercare Dental & Cosmetics,(02) 4910-3839,"Shop 2131, Level 2, Westfield Kotara, Corner Park Avenue and Northcott Drive, KOTARA NSW 2289",
Seth Dental Gerringong,(02) 4234-0200,"Shop 3, 11 Blackwood Street, GERRINGONG NSW 2534",
Bay Arcade Dental,(02) 4948-8589,"Suite 10B, The Bay Arcade, 478 The Esplanade, WARNERS BAY NSW 2282",
MC Dental Care,(02) 9290-1541,"Unit 405, Level 4, 235 Clarence Street, SYDNEY NSW 2000",
Supercare Dental & Cosmetics,(02) 4298-3600,"g04/7 Russell Street, CORRIMAL NSW 2518",
Kincaid Medical and Dental Centre,(02) 6971-0811,"166 Kincaid Street, WAGGA WAGGA NSW 2650",
Horizon Dental,(02) 9221-1685,"Level 14, Park House, 187 Macquarie Street, SYDNEY NSW 2000",
Clear Dental Sydney City,(02) 9283-6220,"101/127 York Street, SYDNEY NSW 2000",
Dapto Dentists,(02) 4288-0737,"35 Baan Baan Street, DAPTO NSW 2530",
Paramount Dental Sydney,(02) 9131-8078,"Suite 601, St James Trust Building, 185 Elizabeth Street, SYDNEY NSW 2000",
Quay Dental,(02) 9241-2038,"Suite 5, Level 1, Exchange House, 10 Bridge Street, SYDNEY NSW 2000",
Redhead Family Dental,(02) 4944-8829,"48 Cowlishaw Street, REDHEAD NSW 2290",
Smile Concepts,(02) 9267-7777,"Suite 403, Level 4, 307 Pitt Street, SYDNEY NSW 2000",
